lines read (n),time (s)
100,0.0011435829801484942
1000,0.01056245795916766
2000,0.021144125028513372
3000,0.031533666071482
4000,0.04188408295158297
5000,0.052310540922917426
6000,0.06259908305946738
7000,0.07369062502402812
8000,0.0830142090562731
9000,0.09352566697634757
10000,0.10470670799259096
