lines read (n),time (s)
100,0.0013211669865995646
1000,0.0116630420088768
2000,0.020989582990296185
3000,0.030203834059648216
4000,0.06230520806275308
5000,0.053758334019221365
6000,0.06083179195411503
7000,0.0691514170030132
8000,0.07941762497648597
9000,0.08957866602577269
10000,0.09876070905011147
