lines read (n),time (s)
100,0.001107292016968131
1000,0.010462915990501642
2000,0.020088042016141117
3000,0.029777292045764625
4000,0.04431604198180139
5000,0.050801999983377755
6000,0.05909641599282622
7000,0.06872812507208437
8000,0.0783960830885917
9000,0.08809987490531057
10000,0.09829383296892047
