lines read (n),time (s)
100,0.001099625020287931
1000,0.010306583950296044
2000,0.019781292066909373
3000,0.030081417062319815
4000,0.04263416596222669
5000,0.049511833931319416
6000,0.06020037492271513
7000,0.07011841691564769
8000,0.08110783400479704
9000,0.09085516701452434
10000,0.09951887500938028
