lines read (n),time (s)
100,0.0011080829426646233
1000,0.010697333025746047
2000,0.02110387501306832
3000,0.0311157499672845
4000,0.04219620791263878
5000,0.0516971250763163
6000,0.06519320898223668
7000,0.07884933310560882
8000,0.09125216607935727
9000,0.09960262500680983
10000,0.1781711250077933
